Date,Parent Category,Subcategory,Source,Merchant,Project,Client,Description,Tax 1 Amount,Tax 1 Type,Tax 2 Amount,Tax 2 Type,Amount,Currency,Cost of Goods Sold
10/31/2022,COMMISSION,COMMISSION,Jessica Mingo,WHOLESALER COMMISSION,,WHOLESALER COMMISSION,"Breakfast basket delivery
July 2022
Guests:HALLEMICHAEL
JONES
MCKENNA",0,,0,,480,USD,No
10/31/2022,COMMISSION,COMMISSION,Jessica Mingo,PROPERTY INK COMMISSION,,PROPERTY INK COMMISSION,"Breakfast basket delivery
July 2022
Guests:HALLEMICHAEL
JONES
MCKENNA",0,,0,,240,USD,No
