Date,Account Sub Type,Parent Category,Subcategory,Source,Merchant,Project,Client,Description,Tax 1 Amount,Tax 1 Type,Tax 2 Amount,Tax 2 Type,Amount,Currency
2/28/2023,Operating Expense,Other Expenses,Wire Sent To Owner,Jessica Mingo,PAYMENT TO OWNER,,Marie-Claude HELLER,Reglement location JAN 2023,0,,0,,10695,USD
2/28/2023,Operating Expense,Supplies,Supplies (general),Jessica Mingo,BARTEND INK,,Marie-Claude HELLER,1 Breakfast basket - client WINTHER,0,,0,,40,USD
2/28/2023,,Commissions,,,Wholesaler Commission - OCONNOR,,,,,,,,1640,USD
2/28/2023,,Commissions,,,TPI Commission,,,,,,,,820,USD
2/28/2023,,Commissions,,,Wholesaler Commission -WINTHER,,,,,,,,1440,USD
2/28/2023,,Commissions,,,TPI Commission,,,,,,,,720,USD
2/28/2023,,Commissions,,,Wholesaler Commission - LANGFORD,,,,,,,,1491,USD
2/28/2023,,Commissions,,,TPI Commission,,,,,,,,745.5,USD
