Date,Client Name,Method,Description,Payment for,Number,Amount,Currency
12/31/2021,SERENA .,Other,,Credit,310,8855.7,USD
11/30/2021,SERENA .,Other,,Credit,309,10350.6,USD
11/30/2021,SERENA .,Other,,Credit,308,9200.8,USD
8/31/2021,SERENA .,Other,,Credit,307,8050,USD
8/31/2021,SERENA .,Other,,Credit,306,27600.3,USD
7/31/2021,SERENA .,Other,,Credit,305,5750.5,USD
7/31/2021,SERENA .,Other,,Credit,236,17742.6,USD
5/31/2021,SERENA .,Other,,Credit,166,7000,USD
4/30/2021,SERENA .,Other,,Credit,117,5250,USD
4/30/2021,SERENA .,Other,,Credit,116,17500,USD
5/1/2021,EMBRY.,Other,,Credit,116,3429,USD
5/2/2021,EMBRY.,Other,,Credit,116,3429,USD
5/3/2021,EMBRY.,Other,,Credit,116,3429,USD
5/4/2021,EMBRY.,Other,,Credit,116,3429,USD
5/5/2021,EMBRY.,Other,,Credit,116,3429,USD
5/6/2021,EMBRY.,Other,,Credit,116,3429,USD
5/7/2021,EMBRY.,Other,,Credit,116,3429,USD
5/8/2021,EMBRY.,Other,,Credit,116,3429,USD
5/9/2021,EMBRY.,Other,,Credit,116,3429,USD
5/10/2021,EMBRY.,Other,,Credit,116,3429,USD
5/11/2021,EMBRY.,Other,,Credit,116,3429,USD
5/12/2021,EMBRY.,Other,,Credit,116,3429,USD
